time,x,y,x_tilt,y_tilt,pressure
20806,580,650,-39,10,0.152405
20813,580,650,-39,10,0.178299
20819,580,650,-39,10,0.194427
20824,580,650,-39,10,0.222763
20829,580,650,-39,10,0.248642
20834,580,650,-39,10,0.276978
20840,581,650,-39,10,0.301407
20840,581,650,-39,10,0.323883
20845,581,650,-39,10,0.343414
20850,581,650,-39,10,0.361984
20856,581,650,-39,10,0.377136
20861,581,650,-39,10,0.389343
20866,581,650,-39,10,0.400085
20871,581,650,-39,10,0.40889
20877,581,650,-39,10,0.417191
20882,580,650,-39,10,0.424515
20887,580,650,-39,10,0.430374
20892,580,651,-39,10,0.436234
20897,580,651,-39,10,0.442108
20902,580,651,-39,10,0.448944
20908,580,651,-39,10,0.45578
20913,580,651,-39,10,0.461639
20918,580,652,-39,10,0.465546
20924,580,652,-39,10,0.471909
20929,580,652,-39,10,0.477768
20934,580,653,-39,10,0.483627
20940,579,654,-39,10,0.489975
20945,579,654,-39,10,0.497299
20946,579,655,-39,10,-0.493896
20951,579,656,-39,10,-0.490967
20956,579,657,-39,10,-0.486084
20961,579,658,-39,10,-0.480225
20967,579,659,-39,9,-0.4729
20973,579,659,-39,9,-0.466537
20978,579,660,-39,9,-0.459702
20983,579,662,-39,9,-0.453842
20989,579,663,-39,9,-0.447006
20994,579,665,-39,9,-0.442612
20999,579,666,-39,8,-0.441635
21004,579,668,-39,8,-0.438705
21010,579,669,-38,8,-0.435272
21014,579,670,-38,8,-0.431366
21019,579,672,-38,7,-0.42746
21025,580,674,-38,7,-0.42746
21030,580,675,-38,7,-0.425995
21034,580,677,-38,7,-0.426483
21040,580,678,-38,6,-0.425018
21045,581,680,-38,6,-0.420624
21049,581,682,-38,6,-0.419159
21054,581,683,-38,5,-0.418671
21061,581,685,-38,5,-0.417206
21061,581,687,-38,5,-0.4133
21066,581,689,-38,4,-0.411835
21071,582,691,-38,4,-0.411835
21077,582,692,-38,4,-0.405472
21082,582,694,-38,3,-0.401566
21087,582,695,-38,3,-0.399612
21093,582,697,-38,3,-0.398636
21099,582,699,-38,2,-0.392776
21106,582,701,-38,2,-0.386917
21112,582,703,-38,2,-0.385452
21112,582,705,-38,2,-0.381546
21117,582,707,-38,1,-0.375198
21123,582,709,-37,1,-0.376175
21128,582,711,-37,1,-0.370789
21133,582,712,-37,1,-0.366882
21140,582,714,-37,1,-0.361023
21145,582,716,-37,1,-0.360535
21150,583,718,-37,1,-0.35907
21157,583,719,-37,0,-0.354187
21163,583,721,-37,0,-0.347839
21163,583,723,-37,0,-0.345886
21168,583,724,-37,0,-0.338058
21173,583,726,-37,0,-0.340012
21179,583,728,-37,0,-0.332199
21184,583,730,-37,0,-0.332199
21190,583,731,-37,0,-0.326828
21195,583,733,-36,0,-0.324387
21200,583,735,-36,0,-0.317551
21206,584,736,-36,-1,-0.313644
21211,584,738,-36,-1,-0.313644
21216,584,739,-36,-2,-0.304352
21222,584,741,-36,-2,-0.297516
21223,584,742,-36,-2,-0.296051
21228,584,743,-36,-2,-0.294586
21232,585,745,-36,-2,-0.286774
21239,585,746,-36,-2,-0.282379
21244,585,747,-36,-2,-0.277969
21250,585,748,-35,-2,-0.279434
21257,585,749,-35,-2,-0.280411
21263,585,750,-35,-3,-0.276016
21263,585,751,-35,-3,-0.27211
21268,585,752,-35,-4,-0.27211
21274,586,753,-35,-4,-0.268692
21278,586,754,-35,-4,-0.262833
21283,586,755,-35,-4,-0.26088
21289,586,756,-35,-4,-0.258438
21294,586,757,-35,-4,-0.256485
21299,586,758,-34,-4,-0.249146
21305,586,759,-34,-4,-0.245728
21311,586,760,-34,-4,-0.241333
21316,586,762,-34,-4,-0.236938
21321,586,763,-34,-4,-0.232544
21327,586,764,-34,-4,-0.230103
21332,586,765,-34,-4,-0.229614
21338,586,766,-34,-4,-0.228638
21338,586,767,-34,-4,-0.229126
21344,586,768,-34,-4,-0.221802
21349,586,769,-34,-4,-0.218369
21355,587,770,-34,-4,-0.215439
21360,587,771,-34,-4,-0.212509
21365,587,771,-34,-4,-0.207626
21371,587,772,-34,-4,-0.208603
21375,587,773,-33,-4,-0.209579
21380,587,774,-33,-4,-0.205673
21385,587,775,-33,-4,-0.208603
21391,587,776,-33,-4,-0.208603
21395,588,777,-33,-4,-0.209091
21400,588,778,-33,-4,-0.20372
21405,588,779,-33,-4,-0.204208
21411,588,780,-33,-5,-0.207138
21416,588,781,-33,-5,-0.208115
21422,588,782,-33,-6,-0.209579
21427,588,783,-33,-6,-0.210556
21431,588,783,-33,-6,-0.218872
21436,588,784,-33,-6,-0.214462
21442,588,785,-32,-6,-0.219849
21447,588,786,-32,-6,-0.219849
21452,588,787,-32,-6,-0.220337
21459,588,787,-32,-7,-0.226685
21459,588,788,-32,-7,-0.227173
21464,588,789,-32,-8,-0.226685
21468,588,789,-32,-8,-0.226685
21474,588,790,-32,-8,-0.226685
21479,587,791,-32,-8,-0.224731
21484,587,792,-32,-8,-0.221802
21490,587,793,-32,-8,-0.219849
21494,587,794,-32,-8,-0.216415
21499,587,795,-32,-8,-0.210068
21505,587,796,-32,-8,-0.205673
21509,587,797,-32,-8,-0.212021
21515,587,798,-32,-8,-0.209091
21521,587,798,-32,-8,-0.20372
21527,588,799,-32,-8,-0.201767
21533,588,800,-32,-9,-0.204208
21539,588,800,-32,-9,-0.20372
21539,588,800,-32,-10,-0.202744
21544,588,801,-32,-10,-0.201767
21554,588,801,-32,-10,-0.20372
21560,588,801,-32,-10,-0.206161
21566,588,801,-32,-10,-0.208115
21572,588,801,-32,-10,-0.212021
21577,588,801,-32,-10,-0.213974
21582,588,801,-32,-10,-0.218872
21589,588,801,-32,-10,-0.223755
21589,588,800,-32,-10,-0.230591
21595,588,800,-32,-10,-0.238892
21599,588,800,-32,-10,-0.251114
21607,588,800,-32,-10,-0.262833
21612,588,800,-32,-10,-0.276505
21617,588,800,-32,-10,-0.292145
21623,588,800,-32,-10,-0.310211
21627,588,800,-32,-10,-0.330246
21632,588,800,-32,-10,-0.351257
21638,588,800,-32,-10,-0.371765
21642,588,800,-32,-10,-0.393753
21647,587,800,-32,-10,-0.415741
21652,587,799,-32,-10,-0.439682
21657,587,799,-32,-10,-0.466537
21663,586,798,-32,-10,-0.487061
21668,586,798,-32,-11,0.493881
21675,585,797,-32,-11,0.475327
21675,585,797,-32,-12,0.45578
21681,585,797,-33,-12,0.436234
21687,585,796,-33,-12,0.416702
21691,586,796,-34,-12,0.400085
21696,586,796,-33,-12,0.383484
21701,586,795,-33,-12,0.367355
21707,586,795,-31,-11,0.349777
21712,586,794,-29,-11,0.334137
21717,587,794,-26,-10,0.317047
21723,587,794,-22,-9,0.300919
21728,587,794,-19,-8,0.285782
21733,587,794,-15,-7,0.271118
21738,587,793,-11,-6,0.258423
21743,587,792,-7,-5,0.245712
21748,587,791,-4,-4,0.233994
21754,587,790,-1,-3,0.222763
21759,586,790,0,-2,0
22688,939,710,-42,-1,0.070343
22693,939,710,-42,-1,0.0957489
22698,939,710,-42,-1,0.12114
22704,939,709,-42,-1,0.145081
22709,940,709,-42,-1,0.161697
22714,940,709,-42,-1,0.181229
22720,940,709,-42,-1,0.192474
22720,941,709,-42,-1,0.209076
22726,941,709,-42,-1,0.227646
22730,941,709,-42,-1,0.246201
22736,941,709,-42,-1,0.265259
22742,942,709,-42,-1,0.282364
22747,942,709,-42,-1,0.297501
22752,942,709,-42,-1,0.311661
22758,942,709,-42,-1,0.325348
22763,942,709,-42,-1,0.336578
22768,942,709,-42,-1,0.346848
22774,942,709,-42,-1,0.355148
22779,942,709,-42,-1,0.361984
22784,942,709,-42,-1,0.370773
22789,942,709,-42,-1,0.379089
22794,942,709,-42,-1,0.387878
22799,942,709,-42,-1,0.394714
22805,942,709,-42,-1,0.40155
22805,942,709,-42,-1,0.408401
22810,942,709,-42,-1,0.414261
22815,942,709,-42,-1,0.419632
22821,942,709,-42,-1,0.425491
22826,942,709,-42,-1,0.429886
22831,942,709,-42,-1,0.433792
22837,942,709,-42,-1,0.437714
22843,942,709,-42,-1,0.440643
22848,942,709,-42,-1,0.442596
22855,942,709,-42,-1,0.445038
22860,942,709,-42,-1,0.446014
22866,942,709,-42,-1,0.445526
22871,942,709,-42,-1,0.446014
22876,941,709,-42,-1,0.446503
22882,941,709,-42,-1,0.448944
22887,941,709,-42,-1,0.456268
22893,940,710,-42,-1,0.454315
22898,940,710,-42,-1,0.456757
22904,939,710,-42,-1,0.45871
22909,938,710,-42,-1,0.45871
22914,937,710,-42,-1,0.461151
22920,936,710,-42,-1,0.463104
22926,936,710,-42,-1,0.461639
22926,935,710,-42,-1,0.465057
22931,934,710,-42,-2,0.465546
22937,933,710,-42,-2,0.467499
22942,932,710,-42,-3,0.468979
22947,931,711,-42,-3,0.472885
22952,930,711,-42,-3,0.473862
22957,929,711,-42,-3,0.472885
22962,928,711,-41,-3,0.478256
22967,927,711,-41,-3,0.476303
22973,926,711,-41,-3,0.481674
22978,924,711,-41,-3,0.479721
22983,923,711,-41,-3,0.480209
22989,922,711,-41,-3,0.483139
22994,920,711,-41,-3,0.480209
22999,919,711,-41,-3,0.481674
23005,918,711,-41,-3,0.489487
23010,916,712,-41,-3,0.496323
23015,915,712,-41,-3,0.499741
23020,913,712,-40,-3,-0.498779
23025,912,712,-40,-3,0.497299
23030,910,712,-40,-3,-0.499268
23036,909,712,-40,-3,-0.495361
23042,907,712,-40,-3,0.499741
23042,906,712,-40,-3,-0.496826
23047,904,712,-40,-3,-0.496826
23053,903,712,-40,-3,-0.490479
23058,902,712,-39,-3,-0.488525
23063,900,712,-39,-3,-0.492432
23069,899,712,-39,-3,-0.491943
23074,898,712,-39,-3,-0.489014
23079,897,712,-39,-3,-0.489502
23084,896,712,-39,-3,-0.486084
23089,896,712,-39,-3,-0.483643
23094,895,712,-39,-3,-0.479736
23099,894,712,-39,-3,-0.476807
23105,893,713,-39,-3,-0.479248
23110,892,713,-39,-3,-0.480225
23114,892,713,-39,-3,-0.476807
23120,891,713,-39,-3,-0.47876
23125,890,712,-39,-3,-0.480225
23130,890,712,-39,-3,-0.477295
23135,889,713,-39,-3,-0.47583
23140,888,713,-39,-3,-0.47583
23145,888,713,-39,-3,-0.469482
23151,887,713,-39,-3,-0.467514
23158,886,713,-40,-3,-0.469971
23163,885,713,-40,-3,-0.469971
23163,884,713,-41,-3,-0.470459
23169,884,713,-41,-3,-0.470459
23173,883,713,-41,-3,-0.468002
23178,883,713,-41,-3,-0.464584
23184,882,713,-41,-3,-0.464584
23189,882,713,-41,-3,-0.464096
23194,881,713,-41,-3,-0.466537
23200,880,713,-41,-3,-0.468002
23206,880,713,-41,-3,-0.466537
23211,880,713,-41,-3,-0.465073
23217,879,713,-41,-3,-0.459702
23223,879,713,-41,-3,-0.458237
23223,878,713,-41,-3,-0.457748
23228,878,713,-41,-3,-0.457748
23234,877,713,-41,-2,-0.457748
23239,876,713,-41,-2,-0.45726
23244,876,713,-41,-2,-0.45726
23250,875,713,-41,-2,-0.453842
23254,874,713,-41,-2,-0.455307
23259,873,713,-41,-2,-0.453842
23264,872,713,-41,-2,-0.457748
23270,871,713,-41,-2,-0.459213
23275,870,712,-41,-2,-0.456284
23280,869,712,-41,-2,-0.458725
23286,868,713,-41,-2,-0.453354
23291,867,713,-41,-2,-0.455307
23296,866,713,-41,-2,-0.454819
23302,865,713,-41,-2,-0.455307
23308,864,713,-40,-2,-0.456284
23308,863,713,-40,-2,-0.453354
23313,862,713,-40,-2,-0.453842
23319,861,713,-40,-2,-0.453354
23324,860,714,-40,-2,-0.452377
23328,859,714,-40,-2,-0.451889
23334,857,714,-40,-1,-0.447983
23339,856,714,-40,-1,-0.450424
23344,854,715,-39,-1,-0.451401
23349,853,715,-39,-1,-0.45433
23354,851,715,-39,-1,-0.451401
23360,849,715,-39,-1,-0.453842
23365,848,715,-39,-1,-0.456284
23370,846,715,-39,-1,-0.454819
23375,844,715,-38,-1,-0.45726
23382,842,715,-38,-1,-0.458725
23388,841,715,-38,-1,-0.45726
23393,839,714,-38,-1,-0.46019
23399,837,714,-38,-1,-0.463608
23399,835,714,-38,-1,-0.460678
23404,834,713,-37,-1,-0.462143
23409,832,712,-37,-1,-0.465561
23414,831,712,-37,0,-0.465073
23420,829,711,-37,0,-0.465561
23424,828,710,-37,0,-0.466537
23429,827,710,-37,0,-0.463608
23435,825,709,-37,0,-0.464096
23440,824,709,-37,0,-0.465561
23445,823,708,-37,0,-0.465073
23451,822,708,-38,0,-0.468002
23456,820,708,-38,0,-0.46312
23461,819,707,-39,0,-0.465073
23467,818,707,-39,0,-0.465073
23473,817,707,-39,0,-0.463608
23478,816,707,-39,0,-0.46312
23484,815,707,-39,0,-0.463608
23484,814,707,-39,0,-0.458725
23489,813,708,-39,0,-0.461166
23494,811,708,-39,0,-0.46019
23500,810,708,-39,0,-0.462143
23505,809,708,-39,0,-0.464096
23510,808,708,-39,0,-0.464584
23517,807,708,-38,0,-0.461655
23523,806,708,-38,0,-0.464584
23528,805,708,-38,0,-0.466049
23533,804,708,-38,0,-0.464584
23538,803,708,-38,0,-0.466537
23543,803,708,-38,0,-0.468491
23548,802,708,-38,0,-0.471924
23554,801,708,-38,0,-0.475342
23560,800,708,-38,0,-0.476807
23560,800,708,-38,0,-0.475342
23567,799,708,-38,0,-0.475342
23573,798,708,-38,0,-0.473877
23578,797,708,-38,0,-0.47583
23583,796,709,-38,0,-0.473877
23589,795,709,-38,0,-0.473877
23594,794,709,-38,0,-0.469971
23599,793,709,-37,0,-0.472412
23604,793,709,-37,1,-0.470947
23610,792,709,-37,1,-0.470459
23610,791,709,-37,2,-0.467026
23616,790,708,-37,2,-0.466049
23622,789,708,-37,2,-0.468002
23628,787,708,-37,2,-0.466049
23634,786,708,-37,2,-0.465073
23639,785,708,-37,2,-0.465073
23644,783,707,-36,2,-0.464096
23650,782,707,-36,2,-0.462143
23650,780,707,-36,2,-0.464584
23656,778,707,-35,2,-0.458237
23661,776,707,-35,2,-0.46019
23667,775,706,-35,2,-0.46019
23673,773,706,-35,2,-0.46019
23677,771,706,-35,2,-0.459702
23684,770,705,-35,2,-0.462631
23688,769,705,-35,2,-0.46312
23693,768,705,-35,2,-0.466049
23699,767,705,-35,2,-0.465561
23704,766,705,-35,2,-0.466537
23709,765,705,-35,3,-0.466537
23716,764,705,-35,3,-0.468994
23716,764,706,-35,4,-0.470947
23721,763,706,-35,4,-0.473389
23726,762,706,-35,4,-0.47876
23732,762,706,-35,4,-0.481689
23738,761,705,-36,4,-0.485596
23743,760,705,-36,4,-0.49292
23749,760,706,-37,4,0.498764
23755,759,706,-37,4,0.490952
23760,759,706,-37,4,0.485092
23766,759,706,-37,4,0.476791
23766,759,706,-37,4,0.467499
23771,759,706,-37,4,0.45578
23777,759,706,-37,4,0.44162
23782,759,706,-37,4,0.424515
23787,759,706,-37,4,0.407913
23792,759,706,-37,4,0.395691
23797,759,706,-37,4,0.38446
23802,759,706,-37,4,0.37468
23808,760,706,-37,4,0.365891
23813,761,705,-38,4,0.358078
23819,763,705,-39,4,0.349777
23824,764,704,-40,4,0.341461
23829,765,704,-40,4,0.334625
23835,766,703,-40,4,0.327789
23840,768,703,-38,3,0.321442
23845,770,703,-36,3,0.314606
23850,772,703,-32,3,0.309219
23855,775,702,-29,2,0.303848
23860,778,702,-25,2,0.298965
23864,781,703,-20,1,0.293594
23870,785,703,-16,1,0.288223
23875,789,703,-12,0,0.28334
23880,792,704,-8,0,0.278442
23885,796,704,-6,0,0.27356
23890,800,705,-4,0,0.269165
23895,804,705,-2,0,0.265259
23900,809,706,-1,0,0.260864
23905,814,707,-1,0,0
24004,930,721,-1,3,0.196381
24009,936,722,0,3,0.193451
24015,941,722,0,3,0.190521
24019,946,722,0,3,0.187592
24024,951,723,0,3,0.185135
24030,955,723,0,3,0.182205
24034,959,723,0,3,0.179764
24039,961,723,0,3,0.176834
24044,964,722,0,3,0.173416
24049,965,722,0,3,0.170486
24054,967,721,0,3,0.167557
24058,968,720,0,3,0.164627
24064,968,719,0,2,0.162186
24069,969,717,0,2,0.159744
24073,971,716,-1,2,0.157791
24079,972,716,-1,2,0.155823
24085,973,715,-2,2,0.15387
24089,975,714,-3,2,0.151428
24095,976,713,-3,2,0.148987
24101,977,712,-4,2,0.147034
24105,978,712,-4,1,0.145081
24110,979,711,-4,1,0.142639
24116,980,710,-4,1,0.141174
24120,981,709,-4,1,0.139709
24125,981,708,-3,1,0.148987
24131,982,707,-3,0,0.146057
24135,982,706,-3,0,0.143127
24140,982,705,-3,0,0.140686
24146,982,703,-3,0,0.138733
24151,981,702,-3,0,0.135315
24156,981,701,-3,0,0.133362
24162,981,699,-3,0,0.130432
24167,980,698,-3,0,0.128479
24172,980,697,-3,-1,0.137756
24178,980,696,-3,-1,0.133362
24178,980,694,-4,-2,0.129944
24183,981,692,-5,-2,0.127991
24189,981,691,-6,-2,0.125549
24195,982,689,-7,-2,0.123093
24200,983,687,-9,-2,0.120651
24205,985,685,-10,-2,0.118698
24209,986,683,-12,-2,0.116745
24215,988,681,-13,-2,0.11528
24220,990,680,-14,-2,0.112839
24224,992,678,-15,-2,0.111374
24230,994,677,-15,-1,0.109909
24235,997,676,-15,-1,0.108444
24239,1000,675,-15,-1,0.106979
24245,1004,674,-14,0,0.105515
24249,1007,674,-13,0,0.10405
24254,1010,673,-12,0,0.103073
24259,1013,673,-10,0,0.10112
24264,1016,673,-9,0,0.0991669
24269,1018,673,-7,0,0.097702
24274,1021,672,-6,0,0.0962372
24280,1023,672,-4,0,0.0952606
24284,1025,672,-3,0,0.0937958
24289,1027,672,-3,0,0.0923157
24295,1029,672,-3,0,0.0903625
24300,1030,672,-3,0,0.0888977
24305,1032,671,-4,0,0.0879211
24310,1034,671,-5,0,0.0864563
24315,1036,671,-7,0,0.0854797
24320,1038,671,-8,0,0.0840149
24325,1040,671,-11,0,0.0830383
24330,1042,671,-13,0,0.0820618
24336,1044,671,-15,0,0.0805969
24341,1046,671,-17,0,0.0801086
24347,1048,671,-19,0,0.0791321
24351,1050,671,-21,0,0.0781555
24356,1051,671,-24,0,0.0766907
24362,1053,671,-26,0,0.0752258
24366,1054,671,-28,0,0.073761
24371,1055,671,-30,0,0.0727844
24376,1056,670,-32,0,0.0713196
24381,1057,670,-34,0,0.070343
24386,1057,670,-36,0,0.0693665
24391,1058,670,-37,0,0.0683899
24397,1058,669,-39,0,0.0674133
24402,1058,669,-40,0,0.0664368
24407,1058,668,-41,0,0.0654602
24413,1059,667,-43,0,0.0649719
24418,1059,666,-43,0,0.0639954
24423,1058,665,-44,0,0.0625305
24429,1058,664,-45,0,0.0615387
24434,1058,663,-45,0,0.0605621
24439,1057,662,-46,0,0.0600739
24445,1057,661,-46,0,0.0590973
24445,1057,660,-46,0,0.0581207
24450,1056,658,-45,0,0.0576324
24455,1055,657,-45,0,0.0571442
24461,1055,656,-45,0,0.0561676
24466,1054,656,-44,0,0.0556793
24471,1054,655,-44,0,0.0556793
24477,1053,655,-43,0,0.055191
24482,1053,654,-43,0,0.055191
24486,1052,654,-43,0,0.0547028
24492,1052,653,-42,0,0.0547028
24497,1051,653,-42,0,0.0547028
24502,1051,652,-41,0,0.0547028
24507,1050,651,-41,0,0.0610504
24512,1050,651,-40,0,0.0639954
24517,1050,650,-40,0,0.0654602
24521,1049,649,-40,0,0.0683899
24527,1049,649,-40,0,0.0742493
24532,1048,648,-40,0,0.0805969
24536,1048,648,-40,0,0.085968
24541,1047,647,-39,0,0.0908508
24547,1047,647,-39,0,0.0952606
24551,1047,647,-39,0,0.100143
24556,1046,647,-39,0,0.106979
24562,1046,647,-39,0,0.115768
24566,1046,647,-39,0,0.125061
24571,1046,647,-39,0,0.135803
24577,1046,647,-39,0,0.146545
24582,1046,647,-39,0,0.159744
24587,1046,647,-38,0,0.173416
24593,1046,647,-38,0,0.186111
24598,1045,647,-38,0,0.196869
24603,1045,647,-38,0,0.208099
24609,1045,647,-38,0,0.224716
24614,1045,647,-38,0,0.238876
24619,1046,647,-38,0,0.260376
24625,1046,647,-38,0,0.281876
24629,1046,647,-38,0,0.302383
24634,1046,647,-37,0,0.32193
24639,1046,648,-37,0,0.340485
24644,1046,648,-37,0,0.358566
24649,1046,648,-37,1,0.375671
24654,1046,648,-37,1,0.388855
24659,1047,648,-37,2,0.401062
24664,1047,648,-37,2,0.415237
24668,1048,649,-37,2,0.427444
24673,1048,649,-37,2,0.439178
24678,1049,649,-37,2,0.450897
24683,1050,650,-37,2,0.461639
24688,1050,650,-37,2,0.471909
24693,1051,650,-37,2,0.483139
24698,1052,650,-37,2,0.48851
24703,1053,650,-37,2,0.498764
24709,1054,651,-37,2,-0.494385
24714,1055,651,-37,2,-0.487549
24719,1056,651,-37,2,-0.480713
24725,1057,651,-37,2,-0.473877
24731,1058,652,-37,2,-0.464096
24731,1060,652,-37,2,-0.45433
24736,1061,652,-37,2,-0.451889
24742,1062,653,-37,2,-0.441147
24747,1064,654,-37,2,-0.438217
24752,1065,654,-37,2,-0.433319
24759,1067,655,-37,2,-0.426483
24765,1068,656,-37,2,-0.420135
24771,1070,657,-37,2,-0.418182
24777,1071,658,-37,2,-0.404495
24777,1073,659,-37,2,-0.406952
24782,1075,660,-37,2,-0.402054
24787,1076,661,-37,2,-0.396683
24793,1078,662,-37,2,-0.383499
24798,1080,663,-36,2,-0.384964
24802,1082,665,-36,2,-0.380569
24809,1084,666,-36,2,-0.380569
24814,1086,668,-36,2,-0.378128
24819,1088,669,-35,2,-0.372253
24825,1090,670,-35,2,-0.372253
24832,1093,672,-35,1,-0.372742
24832,1095,673,-35,1,-0.362488
24838,1097,675,-35,1,-0.368347
24844,1100,676,-35,1,-0.365417
24849,1102,678,-35,1,-0.364441
24856,1104,679,-35,1,-0.362976
24862,1107,681,-35,1,-0.359558
24863,1109,683,-36,0,-0.351257
24867,1111,684,-36,0,-0.348328
24872,1113,686,-37,0,-0.349792
24879,1116,688,-37,0,-0.352234
24884,1118,690,-37,0,-0.343933
24889,1121,691,-37,0,-0.34343
24895,1123,693,-37,0,-0.34491
24900,1125,695,-37,0,-0.335617
24904,1127,697,-37,0,-0.332687
24911,1129,698,-37,0,-0.327316
24916,1131,700,-37,0,-0.338547
24922,1133,701,-37,0,-0.326828
24922,1134,702,-37,0,-0.32048
24929,1136,704,-37,0,-0.322922
24934,1137,705,-37,0,-0.324875
24941,1139,707,-36,0,-0.323898
24946,1140,708,-36,0,-0.318527
24951,1141,709,-36,0,-0.319504
24957,1143,710,-35,0,-0.322433
24963,1145,712,-35,0,-0.319016
24963,1146,713,-35,0,-0.318527
24968,1148,714,-35,0,-0.318527
24974,1149,715,-35,0,-0.321457
24979,1150,716,-35,0,-0.32048
24983,1152,718,-35,0,-0.316574
24988,1153,719,-35,0,-0.314621
24994,1155,719,-35,0,-0.316086
24999,1156,720,-35,0,-0.314133
25004,1157,721,-35,0,-0.312164
25009,1158,722,-35,0,-0.311676
25014,1159,722,-35,0,-0.310699
25019,1160,723,-35,0,-0.30777
25024,1161,724,-36,0,-0.303375
25029,1162,724,-36,0,-0.309235
25034,1163,725,-37,0,-0.305328
25039,1164,726,-37,0,-0.303864
25044,1165,726,-37,0,-0.299469
25049,1165,727,-37,0,-0.30191
25054,1166,728,-37,0,-0.302399
25060,1167,729,-37,0,-0.301422
25065,1168,729,-37,0,-0.301422
25069,1168,730,-37,0,-0.299469
25076,1169,731,-37,0,-0.298981
25080,1169,731,-37,0,-0.299469
25085,1170,732,-37,0,-0.303864
25090,1170,732,-37,0,-0.303864
25095,1171,733,-37,0,-0.302887
25100,1171,733,-37,0,-0.301422
25107,1171,734,-37,0,-0.302887
25113,1171,734,-37,0,-0.302399
25118,1172,734,-37,0,-0.298981
25125,1172,734,-37,0,-0.298004
25125,1172,734,-37,0,-0.296051
25134,1172,734,-37,0,-0.292145
25141,1172,734,-37,0,-0.29068
25147,1172,734,-37,0,-0.29068
25154,1172,735,-37,0,-0.289703
25154,1173,735,-37,0,-0.289215
25160,1173,735,-37,0,-0.289215
25165,1173,735,-37,0,-0.286285
25170,1174,736,-37,0,-0.284332
25176,1174,736,-38,0,-0.285309
25180,1175,736,-38,0,-0.285309
25185,1176,737,-39,0,-0.284821
25191,1177,737,-39,0,-0.283844
25196,1178,738,-39,0,-0.282867
25201,1179,738,-39,0,-0.282379
25207,1180,738,-39,0,-0.281891
25212,1180,739,-39,0,-0.279922
25217,1181,739,-39,-1,-0.276505
25223,1182,739,-39,-1,-0.276505
25229,1183,740,-39,-2,-0.273575
25229,1183,740,-39,-2,-0.270157
25234,1184,740,-39,-2,-0.265762
25240,1184,741,-39,-2,-0.262833
25246,1185,741,-39,-2,-0.262833
25251,1185,741,-39,-2,-0.262833
25257,1185,741,-40,-2,-0.261368
25263,1186,741,-40,-2,-0.259415
25267,1186,741,-40,-2,-0.25795
25273,1186,741,-40,-2,-0.258438
25279,1186,741,-40,-2,-0.259903
25279,1186,741,-40,-2,-0.26088
25284,1186,741,-40,-2,-0.263321
25290,1186,741,-40,-3,-0.267715
25295,1186,741,-40,-3,-0.271622
25301,1186,741,-40,-4,-0.280411
25309,1186,741,-40,-4,-0.296539
25315,1186,741,-40,-4,-0.317062
25315,1186,741,-40,-4,-0.341476
25321,1186,741,-40,-4,-0.372253
25327,1186,741,-40,-4,-0.406464
25333,1186,741,-40,-4,-0.444565
25339,1186,741,-40,-4,-0.480713
25345,1186,741,-40,-4,0.493881
25346,1185,740,-40,-5,0.468475
25352,1184,740,-41,-5,0.450409
25357,1184,739,-42,-6,0.432816
25362,1184,739,-43,-6,0.417191
25367,1184,738,-43,-6,0.403503
25373,1184,737,-43,-6,0.392273
25378,1185,736,-42,-6,0.380554
25383,1185,735,-40,-6,0.370285
25388,1185,734,-36,-5,0.359543
25394,1185,733,-32,-5,0.349289
25399,1184,731,-27,-4,0.340485
25404,1183,730,-24,-3,0
25667,1338,760,2,2,0.117722
25672,1391,770,1,2,0.11528
25677,1393,769,1,1,0.11821
25683,1394,767,1,1,0.116257
25688,1396,766,0,1,0.113327
25693,1396,764,0,1,0.110886
25699,1397,762,0,1,0.108444
25704,1398,760,0,0,0.106491
25709,1398,758,0,0,0.105026
25715,1399,757,0,0,0.103073
25720,1399,756,-1,0,0.101608
25725,1400,754,-1,0,0.0991669
25731,1400,753,-2,0,0.0967255
25736,1400,751,-2,-1,0.0947723
25741,1401,749,-3,-2,0.092804
25747,1401,747,-4,-3,0.0913391
25747,1402,744,-5,-3,0.0898743
25753,1403,742,-6,-4,0.0888977
25758,1404,740,-8,-4,0.0913391
25764,1405,738,-9,-5,0.0903625
25769,1406,736,-11,-5,0.0888977
25774,1407,733,-12,-6,0.0869446
25780,1408,731,-14,-6,0.0849915
25785,1408,728,-15,-6,0.0835266
25790,1409,724,-16,-6,0.08255
25795,1409,721,-18,-6,0.0810852
25801,1409,718,-19,-6,0.0796204
25806,1409,715,-20,-6,0.0781555
25811,1409,712,-21,-7,0.0766907
25817,1408,709,-22,-7,0.0752258
25817,1408,706,-23,-8,0.073761
25823,1407,704,-24,-8,0.0722961
25828,1406,701,-25,-8,0.0708313
25833,1405,699,-26,-9,0.0698547
25838,1403,697,-27,-9,0.0683899
25843,1403,696,-28,-10,0.0674133
25849,1402,694,-29,-10,0.066925
25855,1401,693,-30,-11,0.0659485
25859,1401,692,-31,-11,0.0654602
25865,1400,692,-33,-12,0.0664368
25870,1400,691,-34,-12,0.0659485
25875,1401,691,-35,-12,0.0644836
25881,1401,691,-37,-12,0.0635071
25887,1402,691,-38,-12,0.0625305
25892,1403,691,-40,-12,0.062027
25898,1403,691,-41,-12,0.0610504
25899,1404,691,-41,-12,0.0595856
25904,1405,691,-42,-12,0.058609
25909,1406,690,-42,-12,0.0576324
25915,1406,689,-42,-12,0.0561676
25920,1407,689,-42,-12,0.0556793
25925,1408,688,-42,-12,0.055191
25931,1409,687,-42,-12,0.0542145
25936,1409,686,-42,-12,0.0532379
25941,1410,685,-42,-12,0.0522614
25946,1411,684,-42,-12,0.0517731
25952,1411,683,-42,-11,0.0507965
25957,1412,682,-42,-11,0.0498199
25962,1412,681,-42,-11,0.0483551
25968,1412,681,-42,-11,0.0483551
25968,1412,680,-41,-11,0.0503082
25973,1413,680,-41,-10,0.0923157
25978,1413,679,-41,-10,0.113815
25984,1413,679,-41,-10,0.130432
25989,1414,679,-40,-10,0.14801
25994,1414,679,-40,-10,0.166092
26000,1415,679,-40,-10,0.183182
26005,1415,679,-40,-10,0.200287
26010,1415,679,-40,-10,0.207611
26016,1415,679,-40,-10,0.221298
26022,1415,679,-40,-9,0.234482
26026,1415,679,-40,-9,0.245712
26032,1415,679,-40,-9,0.258423
26038,1415,679,-40,-9,0.271118
26038,1415,678,-40,-9,0.283829
26043,1415,678,-40,-9,0.292618
26049,1415,677,-40,-9,0.30043
26054,1415,677,-40,-9,0.307755
26059,1415,677,-40,-9,0.316071
26065,1415,676,-40,-9,0.324371
26070,1415,676,-40,-9,0.332672
26075,1414,675,-40,-9,0.337555
26081,1414,675,-40,-8,0.345383
26087,1413,674,-40,-8,0.35466
26092,1412,673,-39,-8,0.355148
26098,1412,672,-39,-8,0.361008
26104,1410,672,-39,-8,0.358078
26104,1409,671,-39,-8,0.372238
26109,1407,670,-39,-7,0.375671
26115,1406,669,-39,-7,0.388855
26120,1403,668,-39,-7,0.380066
26125,1401,667,-38,-7,0.385925
26131,1398,666,-38,-6,0.400085
26137,1395,665,-38,-6,0.403992
26142,1392,664,-38,-6,0.403015
26148,1389,664,-37,-6,0.409866
26153,1386,663,-37,-5,0.42012
26158,1383,663,-37,-5,0.431839
26164,1380,663,-37,-5,0.43721
26165,1377,663,-37,-5,0.436234
26170,1374,663,-37,-4,0.450409
26175,1371,663,-37,-4,0.45578
26181,1368,664,-37,-4,0.455292
26187,1365,665,-37,-4,0.465057
26192,1363,666,-37,-4,0.477768
26198,1361,667,-37,-4,0.48558
26203,1358,668,-36,-4,0.49437
26208,1356,670,-36,-4,-0.494873
26214,1354,671,-36,-4,-0.481689
26214,1353,673,-35,-4,-0.470459
26220,1351,674,-35,-4,-0.45726
26225,1350,675,-35,-4,-0.451401
26232,1348,676,-34,-4,-0.434296
26238,1346,677,-34,-4,-0.4216
26244,1344,678,-33,-4,-0.414764
26244,1343,679,-33,-4,-0.40596
26251,1341,679,-33,-4,-0.399124
26256,1339,680,-32,-4,-0.386917
26261,1337,681,-32,-4,-0.381058
26267,1335,682,-32,-4,-0.372253
26272,1333,683,-31,-4,-0.360535
26277,1331,684,-31,-4,-0.34491
26283,1329,685,-31,-4,-0.3405
26288,1328,686,-30,-4,-0.333176
26293,1326,687,-30,-4,-0.324875
26299,1324,689,-29,-4,-0.318039
26304,1323,691,-29,-5,-0.312668
26311,1322,692,-29,-5,-0.301422
26311,1321,694,-29,-6,-0.292633
26317,1319,695,-29,-6,-0.294098
26322,1318,697,-29,-6,-0.275528
26327,1317,699,-29,-6,-0.281403
26332,1316,701,-29,-6,-0.271133
26337,1315,704,-29,-6,-0.261368
26343,1314,706,-29,-7,-0.254532
26348,1314,709,-29,-7,-0.248657
26354,1313,712,-29,-8,-0.249146
26359,1312,715,-29,-8,-0.246216
26364,1312,718,-29,-8,-0.242798
26369,1312,721,-29,-9,-0.237915
26374,1312,724,-29,-9,-0.242798
26379,1313,727,-29,-10,-0.241821
26385,1313,730,-29,-11,-0.247192
26390,1314,733,-29,-11,-0.245728
26390,1315,735,-29,-12,-0.243774
26396,1316,738,-29,-12,-0.234009
26401,1318,740,-29,-13,-0.239868
26406,1319,742,-29,-13,-0.240356
26411,1320,743,-29,-14,-0.238403
26418,1321,744,-29,-14,-0.232056
26423,1323,745,-29,-15,-0.239868
26429,1324,745,-29,-15,-0.24231
26436,1326,746,-29,-16,-0.23938
26436,1328,746,-29,-16,-0.242798
26442,1330,746,-29,-16,-0.23938
26448,1333,747,-29,-16,-0.245239
26453,1336,747,-29,-17,-0.246704
26458,1338,747,-29,-17,-0.244751
26464,1341,747,-30,-18,-0.252579
26470,1344,747,-30,-18,-0.245239
26475,1346,747,-31,-18,-0.245239
26481,1349,747,-31,-18,-0.25209
26481,1351,746,-32,-18,-0.244751
26487,1354,746,-32,-18,-0.247192
26492,1356,746,-33,-18,-0.246216
26498,1359,746,-33,-18,-0.247681
26503,1361,746,-34,-18,-0.252579
26508,1364,746,-34,-18,-0.250626
26515,1367,747,-35,-18,-0.255508
26520,1369,747,-35,-18,-0.248657
26525,1372,747,-35,-18,-0.258926
26531,1374,747,-35,-18,-0.251602
26531,1376,747,-35,-18,-0.247681
26537,1379,747,-35,-18,-0.249146
26542,1381,747,-35,-18,-0.247192
26548,1383,747,-35,-18,-0.249634
26553,1384,747,-35,-18,-0.246216
26558,1386,747,-35,-18,-0.252579
26564,1387,747,-35,-18,-0.247681
26570,1389,746,-35,-18,-0.249634
26575,1390,746,-35,-18,-0.258438
26581,1392,746,-35,-18,-0.259415
26581,1393,745,-35,-18,-0.261368
26587,1395,744,-35,-18,-0.258438
26592,1397,744,-35,-18,-0.259903
26598,1398,743,-35,-18,-0.261856
26602,1399,743,-36,-18,-0.264786
26607,1400,742,-36,-17,-0.266251
26614,1402,742,-37,-17,-0.262833
26620,1403,741,-37,-17,-0.262833
26625,1404,740,-37,-17,-0.255508
26631,1405,740,-37,-17,-0.255997
26637,1406,739,-37,-17,-0.259415
26637,1407,738,-37,-17,-0.265762
26643,1408,737,-37,-17,-0.264297
26649,1410,736,-37,-17,-0.259415
26654,1411,736,-37,-16,-0.264297
26659,1412,735,-37,-16,-0.261856
26664,1413,734,-38,-16,-0.261856
26670,1414,733,-38,-16,-0.258926
26675,1415,732,-39,-16,-0.258438
26681,1416,731,-39,-15,-0.262833
26687,1417,730,-39,-15,-0.265762
26687,1418,728,-39,-15,-0.261368
26692,1418,727,-39,-15,-0.264297
26698,1419,726,-39,-15,-0.265762
26703,1419,725,-39,-14,-0.263809
26708,1420,724,-39,-14,-0.266739
26714,1420,723,-39,-14,-0.266251
26720,1421,722,-39,-14,-0.260391
26726,1421,721,-39,-14,-0.262344
26732,1421,720,-39,-13,-0.260391
26732,1422,718,-39,-13,-0.258926
26737,1422,716,-39,-13,-0.256485
26742,1422,715,-39,-13,-0.258926
26748,1423,713,-39,-13,-0.255997
26753,1423,712,-39,-12,-0.253555
26759,1423,710,-39,-12,-0.251602
26767,1423,708,-39,-12,-0.253067
26767,1424,706,-39,-12,-0.252579
26773,1424,705,-40,-12,-0.252579
26778,1424,703,-40,-12,-0.253555
26783,1425,701,-41,-11,-0.25502
26788,1425,700,-41,-11,-0.252579
26794,1425,698,-41,-11,-0.251114
26799,1426,697,-41,-11,-0.248657
26804,1426,695,-41,-10,-0.245728
26809,1426,693,-41,-10,-0.246704
26815,1426,692,-41,-10,-0.245239
26820,1426,691,-41,-10,-0.247681
26825,1426,689,-41,-9,-0.242798
26831,1426,688,-41,-9,-0.242798
26836,1426,687,-41,-9,-0.243286
26841,1426,686,-41,-8,-0.245728
26848,1426,684,-41,-8,-0.242798
26848,1425,683,-41,-8,-0.246704
26854,1425,683,-41,-8,-0.247681
26859,1425,682,-41,-7,-0.249146
26865,1425,682,-41,-7,-0.253555
26870,1424,681,-41,-7,-0.257462
26875,1424,681,-41,-7,-0.256973
26882,1424,681,-41,-7,-0.262833
26887,1423,681,-41,-7,-0.270157
26894,1423,681,-41,-7,-0.262344
26894,1422,680,-41,-6,-0.270645
26900,1422,680,-41,-6,-0.271622
26905,1421,679,-41,-6,-0.271622
26910,1420,679,-40,-6,-0.280899
26916,1419,678,-40,-6,-0.29068
26921,1418,678,-40,-6,-0.303375
26926,1417,677,-40,-6,-0.315109
26933,1417,676,-40,-6,-0.329269
26933,1416,675,-40,-5,-0.349792
26939,1415,675,-40,-5,-0.366882
26944,1415,674,-39,-5,-0.389847
26951,1414,673,-39,-5,-0.411835
26957,1414,673,-39,-5,-0.434784
26964,1413,672,-39,-5,-0.462631
26964,1412,672,-39,-5,-0.479736
26970,1411,672,-39,-5,-0.492432
26974,1411,673,-39,-5,0.496811
26980,1411,674,-40,-5,0.486069
26986,1411,675,-40,-5,0.476303
26991,1411,677,-41,-5,0.466034
26997,1412,679,-40,-5,0.453827
27003,1413,682,-39,-5,0.444061
27008,1414,685,-36,-5,0.43428
27014,1415,689,-33,-5,0.425491
27014,1417,694,-29,-5,0.417191
27020,1419,699,-27,-5,0
